"id_tramite","id_afiliado","id_prestador","id_proveedor","id_protesis","fecha_solicitud","fecha_cirugia","estado"
"1","1","10","5","26","2025-10-13","2025-10-28","Finalizado"
"2","2","6","8","21","2025-10-11","2025-11-05","Finalizado"
"3","3","2","4","14","2025-10-10","2025-10-28","Finalizado"
"4","4","1","8","25","2025-10-09","2025-11-01","Finalizado"
"5","5","7","3","7","2025-10-01","2025-10-18","Finalizado"
"6","6","11","8","12","2025-10-15","2025-11-05","Finalizado"
"7","7","4","3","6","2025-10-12","2025-10-27","Finalizado"
"8","8","12","2","17","2025-10-19","2025-11-04","Finalizado"
"9","9","13","9","6","2025-10-11","2025-10-22","Finalizado"
"10","10","2","2","18","2025-10-15","2025-10-27","Finalizado"
"11","11","5","1","12","2025-10-06","2025-10-18","Finalizado"
"12","12","2","7","30","2025-10-03","2025-10-24","Finalizado"
"13","13","5","7","29","2025-10-07","2025-10-21","Finalizado"
"14","14","11","8","9","2025-10-09","2025-10-25","Finalizado"
"15","15","15","5","26","2025-10-09","2025-10-28","Finalizado"
"16","16","2","4","22","2025-10-02","2025-10-21","Finalizado con demora"
"17","17","4","3","21","2025-10-02","2025-10-19","Finalizado con demora"
"18","18","10","1","10","2025-10-09","2025-10-21","Finalizado con demora"
"19","19","13","10","22","2025-10-03","2025-10-24","Finalizado con demora"
"20","20","15","5","21","2025-10-15","2025-11-07","Finalizado con demora"
"21","21","6","1","26","2025-10-14","2025-11-04","Finalizado con demora"
"22","22","6","3","13","2025-10-02","2025-10-17","Finalizado con demora"
"23","23","5","8","24","2025-10-07","2025-10-29","Finalizado con demora"
"24","24","6","10","13","2025-10-10","2025-10-25","Finalizado con demora"
"25","25","13","7","23","2025-10-05","2025-10-29","Finalizado con demora"
"26","26","13","8","2","2025-10-13","2025-10-30","Cancelado"
"27","27","1","10","6","2025-10-11","2025-10-23","Cancelado"
"28","28","9","8","22","2025-10-08","2025-10-27","Cancelado"
"29","29","14","2","9","2025-10-05","2025-10-27","Cancelado"
"30","30","13","6","8","2025-10-12","2025-10-24","Cancelado"
"31","31","5","5","6","2025-10-02","2025-10-20","Cancelado"
"32","32","13","1","1","2025-10-11","2025-11-05","Cancelado"
"33","33","9","7","11","2025-10-11","2025-11-01","Cancelado"
"34","34","4","8","5","2025-10-04","2025-10-28","Finalizado forzado"
"35","35","12","10","21","2025-10-20","2025-11-02","Finalizado forzado"
"36","36","13","9","4","2025-10-11","2025-11-05","Finalizado forzado"
"37","37","8","8","9","2025-10-02","2025-10-23","Finalizado forzado"
"38","38","14","1","8","2025-10-03","2025-10-18","Finalizado forzado"
"39","39","13","6","17","2025-10-15","2025-11-06","Finalizado forzado"
"40","40","3","8","21","2025-10-07","2025-10-19","Finalizado forzado"
"41","41","13","4","15","2025-10-18","2025-11-01","Finalizado forzado"
"42","42","12","10","3","2025-10-08","2025-10-25","Finalizado forzado"
"43","43","9","8","18","2025-10-09","2025-10-24","Cancelado por paciente"
"44","44","15","9","6","2025-10-20","2025-11-09","Cancelado por paciente"
"45","45","9","9","27","2025-10-14","2025-11-05","Cancelado por paciente"
"46","46","14","8","26","2025-10-16","2025-10-29","Cancelado por paciente"
"47","47","1","4","25","2025-10-14","2025-11-02","Cancelado por paciente"
"48","48","10","7","27","2025-10-15","2025-10-25","Cancelado por paciente"
"49","49","9","2","7","2025-10-17","2025-11-01","Cancelado por paciente"
"50","50","14","10","1","2025-10-20","2025-11-06","Cancelado por paciente"
